<?xml version="1.0" encoding="UTF-8"?>
<project-private xmlns="http://www.netbeans.org/ns/project-private/1">
    <editor-bookmarks xmlns="http://www.netbeans.org/ns/editor-bookmarks/2" lastBookmarkId="0"/>
    <open-files xmlns="http://www.netbeans.org/ns/projectui-open-files/2">
        <group>
            <file>file:/C:/xampp/htdocs/GitHub/MarioGabIFP/Lenguaje_De_Marcas/Práctica%205.%20XSL/xslSheet.xsl</file>
            <file>file:/C:/xampp/htdocs/GitHub/MarioGabIFP/Lenguaje_De_Marcas/Práctica%205.%20XSL/modulos.xml</file>
            <file>file:/C:/xampp/htdocs/GitHub/MarioGabIFP/Lenguaje_De_Marcas/Práctica%205.%20XSL/enunciado.txt</file>
        </group>
    </open-files>
</project-private>
