[
    {
        "id" : 1,
        "nombre" : "Jesus",
        "apellidos" : "Valiente Pérez",
        "fecha_nacimiento" : "19/02/1983",
        "correo" : "jvalienteperez@empresa.com",
        "puesto" : "Técnico de redes",
        "avatar" : "avatar1.png",
        "antigüedad" : "03/03/2015"
    },
    {
        "id" : 2,
        "nombre" : "Susana",
        "apellidos" : "Suárez de la Hoz",
        "fecha_nacimiento" : "19/11/1978",
        "correo" : "ssuarezdelahoz@empresa.com",
        "puesto" : "Ventas",
        "avatar" : "avatar2.png",
        "antigüedad" : "15/06/2020"
    },
    {
        "id" : 3,
        "nombre" : "María",
        "apellidos" : "Gallardo García",
        "fecha_nacimiento" : "01/02/1990",
        "correo" : "mgallardogarcia@empresa.com",
        "puesto" : "Recursos Humanos",
        "avatar" : "avatar3.png",
        "antigüedad" : "02/12/2016"
    },
    {
        "id" : 4,
        "nombre" : "Pedro",
        "apellidos" : "López Carrasco",
        "fecha_nacimiento" : "09/10/1985",
        "correo" : "jlopezcarrasco@empresa.com",
        "puesto" : "Desarrollador",
        "avatar" : "avatar4.png",
        "antigüedad" : "12/12/2017"
    },
    {
        "id" : 5,
        "nombre" : "Ana",
        "apellidos" : "Martín Hernández",
        "fecha_nacimiento" : "25/01/1976",
        "correo" : "amartinhernandez@empresa.com",
        "puesto" : "Directora",
        "avatar" : "avatar5.png",
        "antigüedad" : "08/05/2010"
    },
    {
        "ubicacion": [
            {
                "lugar": "Madrid",
                "descripcion": "Oficina principal."
            },
            {
                "lugar": "Madrid",
                "descripcion": "Oficina de apoyo."
            },
            {
                "lugar": "Madrid",
                "descripcion": "Oficina técnica."
            }
        ]
    }
]